age,job,marital,education,default,housing,loan,month,day_of_week,duration,campaign,pdays,emp.var.rate,cons.price.idx,cons.conf.idx,euribor3m,nr.employed,y
35,blue-collar,single,high.school,,no,no,jul,thu,117,3,999,1.4,93.918,-42.7,4.958,5228.1,no
52,blue-collar,married,,,yes,no,jun,thu,118,4,999,1.4,94.465,-41.8,4.961,5228.1,no
38,services,married,high.school,,no,no,jun,tue,253,2,999,1.4,94.465,-41.8,4.864,5228.1,no
44,admin.,married,university.degree,no,yes,no,oct,wed,749,1,999,-3.4,92.431,-26.9,0.735,5017.5,yes
25,services,divorced,basic.4y,no,yes,no,may,fri,601,1,999,1.1,93.994,-36.4,4.859,5191,no
49,services,married,high.school,no,no,no,aug,mon,565,1,999,1.4,93.444,-36.1,4.965,5228.1,no
30,technician,divorced,high.school,no,yes,yes,jun,tue,131,2,999,1.4,94.465,-41.8,4.961,5228.1,no
38,blue-collar,married,basic.6y,no,yes,no,may,mon,135,2,999,-1.8,92.893,-46.2,1.299,5099.1,no
34,admin.,married,high.school,no,yes,yes,jul,wed,411,1,999,1.4,93.918,-42.7,4.962,5228.1,no
22,blue-collar,married,basic.9y,no,yes,no,may,thu,23,1,999,-1.8,92.893,-46.2,1.266,5099.1,no
32,self-employed,married,university.degree,no,no,yes,may,mon,133,2,999,-1.8,92.893,-46.2,1.244,5099.1,no
34,services,married,high.school,no,,,jun,wed,187,1,999,1.4,94.465,-41.8,4.959,5228.1,no
49,admin.,divorced,high.school,no,no,no,jun,thu,370,1,999,1.4,94.465,-41.8,4.961,5228.1,no
36,admin.,married,university.degree,no,yes,no,may,fri,322,2,999,1.1,93.994,-36.4,4.859,5191,no
28,blue-collar,divorced,high.school,no,no,no,may,thu,307,1,999,-1.8,92.893,-46.2,1.266,5099.1,yes
58,retired,divorced,high.school,no,no,no,aug,thu,398,2,999,-2.9,92.201,-31.4,0.829,5076.2,yes
58,retired,married,basic.4y,no,yes,no,may,wed,358,2,999,-1.8,92.893,-46.2,1.334,5099.1,no
50,self-employed,single,university.degree,no,no,yes,may,mon,88,5,999,1.1,93.994,-36.4,4.857,5191,no
34,admin.,single,,,yes,no,jul,thu,51,2,999,1.4,93.918,-42.7,4.962,5228.1,no
29,technician,single,professional.course,no,yes,no,aug,thu,94,4,999,1.4,93.444,-36.1,4.962,5228.1,no
51,unemployed,married,high.school,no,yes,yes,sep,fri,240,3,999,-1.1,94.199,-37.5,0.883,4963.6,no
32,retired,married,high.school,no,no,no,may,fri,209,3,999,1.1,93.994,-36.4,4.855,5191,no
53,management,married,,no,yes,yes,jul,mon,88,9,999,1.4,93.918,-42.7,4.962,5228.1,no
31,student,single,,no,no,yes,may,mon,63,3,999,-1.8,92.893,-46.2,1.354,5099.1,no
52,services,married,high.school,,yes,no,may,tue,140,1,999,1.1,93.994,-36.4,4.856,5191,no
38,technician,single,university.degree,no,no,no,apr,fri,301,2,999,-1.8,93.075,-47.1,1.405,5099.1,no
54,admin.,married,high.school,no,no,no,jun,thu,361,1,999,1.4,94.465,-41.8,4.961,5228.1,no
36,entrepreneur,married,university.degree,no,yes,no,may,mon,59,4,999,1.1,93.994,-36.4,4.857,5191,no
34,technician,married,professional.course,,no,no,jun,thu,10,1,999,1.4,94.465,-41.8,4.958,5228.1,no
27,admin.,single,high.school,no,yes,no,jul,thu,130,1,999,1.4,93.918,-42.7,4.958,5228.1,no
42,admin.,married,university.degree,no,no,yes,nov,fri,902,1,999,-0.1,93.2,-42,4.021,5195.8,yes
54,admin.,married,university.degree,no,yes,no,aug,fri,326,3,999,-2.9,92.201,-31.4,0.869,5076.2,yes
32,management,married,university.degree,no,yes,yes,may,wed,36,9,999,-1.8,92.893,-46.2,1.281,5099.1,no
40,admin.,single,university.degree,no,yes,no,jul,fri,198,1,999,1.4,93.918,-42.7,4.962,5228.1,no
34,blue-collar,married,high.school,no,no,no,may,wed,407,2,999,1.1,93.994,-36.4,4.859,5191,no
43,blue-collar,married,basic.6y,,yes,no,apr,fri,19,4,999,-1.8,93.075,-47.1,1.405,5099.1,no
51,housemaid,divorced,high.school,no,yes,no,jul,thu,870,3,999,1.4,93.918,-42.7,4.962,5228.1,no
35,blue-collar,married,basic.9y,no,no,no,may,thu,270,2,999,-1.8,92.893,-46.2,1.327,5099.1,no
39,admin.,married,high.school,no,no,no,nov,mon,1011,1,3,-3.4,92.649,-30.1,0.714,5017.5,no
49,housemaid,married,basic.4y,,yes,no,aug,wed,501,1,999,1.4,93.444,-36.1,4.967,5228.1,yes
40,entrepreneur,married,university.degree,no,no,no,jul,wed,94,4,999,1.4,93.918,-42.7,4.963,5228.1,no
39,admin.,divorced,professional.course,no,no,no,mar,thu,593,4,999,-1.8,93.369,-34.8,0.643,5008.7,yes
56,housemaid,married,university.degree,no,yes,no,apr,mon,148,1,999,-1.8,93.075,-47.1,1.405,5099.1,yes
31,admin.,married,university.degree,,yes,no,may,mon,219,1,999,1.1,93.994,-36.4,4.857,5191,no
32,admin.,married,high.school,no,no,yes,may,thu,142,1,999,-1.8,92.893,-46.2,1.327,5099.1,no
39,services,married,high.school,no,no,no,may,tue,132,2,999,1.1,93.994,-36.4,4.857,5191,no
49,services,married,high.school,no,no,no,aug,tue,344,1,999,1.4,93.444,-36.1,4.968,5228.1,no
69,entrepreneur,married,high.school,no,yes,no,jun,wed,178,2,999,-2.9,92.963,-40.8,1.26,5076.2,no
75,retired,divorced,basic.4y,no,no,no,oct,thu,247,2,999,-3.4,92.431,-26.9,0.722,5017.5,no
44,blue-collar,married,professional.course,,yes,no,jun,wed,43,1,999,1.4,94.465,-41.8,4.958,5228.1,no
45,services,married,basic.6y,no,yes,no,aug,mon,671,2,999,1.4,93.444,-36.1,4.963,5228.1,yes
81,retired,married,university.degree,,yes,yes,oct,tue,327,2,6,-3.4,92.431,-26.9,0.728,5017.5,no
34,management,married,high.school,no,yes,no,nov,wed,228,3,999,-0.1,93.2,-42,4.12,5195.8,no
33,admin.,single,university.degree,no,no,no,aug,fri,69,14,999,1.4,93.444,-36.1,4.963,5228.1,no
41,housemaid,married,basic.9y,,yes,no,may,tue,129,2,999,1.1,93.994,-36.4,4.856,5191,no
26,management,single,university.degree,no,yes,no,may,thu,667,1,999,-1.8,92.893,-46.2,1.266,5099.1,yes
28,admin.,single,high.school,no,no,yes,jul,mon,157,3,999,1.4,93.918,-42.7,4.962,5228.1,no
32,blue-collar,married,basic.9y,no,yes,yes,jul,mon,64,3,999,1.4,93.918,-42.7,4.962,5228.1,no
41,services,divorced,high.school,no,yes,yes,jun,mon,273,1,999,1.4,94.465,-41.8,4.865,5228.1,no
30,admin.,single,university.degree,no,no,no,aug,thu,152,4,999,1.4,93.444,-36.1,4.968,5228.1,no
39,blue-collar,married,professional.course,no,no,no,jul,mon,280,1,999,1.4,93.918,-42.7,4.96,5228.1,no
52,entrepreneur,married,university.degree,,yes,no,jul,tue,167,3,999,1.4,93.918,-42.7,4.961,5228.1,no
29,unemployed,married,basic.4y,,yes,no,nov,thu,166,3,999,-0.1,93.2,-42,4.076,5195.8,no
45,services,married,high.school,no,no,no,aug,fri,239,2,999,1.4,93.444,-36.1,4.964,5228.1,no
38,blue-collar,married,basic.6y,,no,no,may,mon,523,2,999,1.1,93.994,-36.4,4.857,5191,no
53,unemployed,married,basic.6y,,no,no,jul,mon,273,1,999,1.4,93.918,-42.7,4.962,5228.1,no
47,unemployed,married,high.school,,yes,no,may,fri,237,1,999,1.1,93.994,-36.4,4.855,5191,no
25,blue-collar,single,basic.6y,no,no,yes,jul,fri,1127,3,999,1.4,93.918,-42.7,4.957,5228.1,yes
31,admin.,married,university.degree,,no,no,may,thu,344,4,999,-1.8,92.893,-46.2,1.266,5099.1,no
30,unemployed,married,professional.course,no,yes,yes,jun,tue,495,1,999,-2.9,92.963,-40.8,1.262,5076.2,no
53,blue-collar,married,basic.9y,,yes,no,may,wed,489,2,999,1.1,93.994,-36.4,4.856,5191,no
32,admin.,divorced,university.degree,no,yes,no,aug,tue,152,3,999,1.4,93.444,-36.1,4.963,5228.1,no
41,admin.,married,university.degree,no,yes,no,may,wed,187,3,999,1.1,93.994,-36.4,4.859,5191,no
32,entrepreneur,single,university.degree,no,no,no,jul,fri,89,2,999,1.4,93.918,-42.7,4.957,5228.1,no
43,technician,married,professional.course,no,yes,no,jun,tue,41,2,999,1.4,94.465,-41.8,4.961,5228.1,no
48,management,married,university.degree,no,yes,yes,aug,tue,144,1,999,1.4,93.444,-36.1,4.963,5228.1,no
52,entrepreneur,single,university.degree,,yes,no,nov,mon,77,2,999,-0.1,93.2,-42,4.191,5195.8,no
50,services,single,high.school,no,yes,no,jul,wed,99,2,999,1.4,93.918,-42.7,4.963,5228.1,no
34,technician,married,professional.course,no,no,yes,jun,tue,145,1,999,1.4,94.465,-41.8,4.864,5228.1,no
42,services,divorced,high.school,,no,no,jun,thu,111,2,999,1.4,94.465,-41.8,4.961,5228.1,no
39,technician,married,university.degree,no,no,no,jul,tue,62,2,999,1.4,93.918,-42.7,4.961,5228.1,no
29,technician,married,professional.course,no,yes,no,oct,fri,319,1,5,-1.1,94.601,-49.5,0.972,4963.6,yes
31,admin.,divorced,high.school,no,no,no,may,tue,271,3,999,1.1,93.994,-36.4,4.857,5191,no
52,blue-collar,married,basic.9y,no,yes,no,aug,mon,551,1,999,1.4,93.444,-36.1,4.97,5228.1,no
31,admin.,single,university.degree,no,yes,yes,may,wed,174,1,999,1.1,93.994,-36.4,4.856,5191,no
43,management,married,basic.6y,no,no,no,apr,wed,121,1,999,-1.8,93.075,-47.1,1.415,5099.1,no
33,admin.,married,university.degree,no,yes,no,nov,tue,344,2,3,-3.4,92.649,-30.1,0.715,5017.5,yes
30,technician,,university.degree,no,no,no,mar,mon,173,2,6,-1.8,93.369,-34.8,0.639,5008.7,yes
39,management,single,university.degree,,no,no,may,thu,412,2,999,-1.8,92.893,-46.2,1.327,5099.1,no
43,entrepreneur,married,high.school,no,no,no,may,tue,166,2,999,1.1,93.994,-36.4,4.857,5191,no
35,blue-collar,married,basic.6y,no,yes,no,may,thu,225,1,12,-1.8,92.893,-46.2,1.266,5099.1,no
31,blue-collar,married,basic.9y,,yes,no,jun,mon,388,1,999,-2.9,92.963,-40.8,1.266,5076.2,no
48,blue-collar,married,basic.4y,no,yes,no,jun,mon,92,3,999,1.4,94.465,-41.8,4.96,5228.1,no
31,blue-collar,married,basic.9y,no,no,no,jun,thu,296,1,999,1.4,94.465,-41.8,4.961,5228.1,no
26,blue-collar,single,high.school,no,yes,no,may,fri,326,1,999,1.1,93.994,-36.4,4.859,5191,no
44,unemployed,married,high.school,,yes,no,aug,wed,209,1,999,1.4,93.444,-36.1,4.967,5228.1,no
27,blue-collar,single,high.school,no,yes,no,jul,wed,168,7,999,1.4,93.918,-42.7,4.963,5228.1,no
47,admin.,divorced,university.degree,no,no,yes,aug,wed,69,6,999,1.4,93.444,-36.1,4.964,5228.1,no
46,admin.,divorced,university.degree,,yes,no,jul,thu,190,1,999,1.4,93.918,-42.7,4.963,5228.1,no
43,blue-collar,married,basic.9y,,yes,no,may,fri,288,3,999,-1.8,92.893,-46.2,1.313,5099.1,no
30,student,single,high.school,,no,no,may,wed,216,3,999,1.1,93.994,-36.4,4.856,5191,no
42,self-employed,married,university.degree,no,no,no,jul,mon,84,2,999,1.4,93.918,-42.7,4.962,5228.1,no
52,admin.,married,high.school,no,yes,no,aug,fri,131,1,999,1.4,93.444,-36.1,4.963,5228.1,no
29,technician,married,,no,yes,no,may,mon,252,2,999,1.1,93.994,-36.4,4.857,5191,no
49,blue-collar,married,basic.9y,,no,no,jun,thu,70,1,999,1.4,94.465,-41.8,4.961,5228.1,no
30,blue-collar,divorced,basic.4y,no,yes,yes,jul,thu,111,1,999,1.4,93.918,-42.7,4.966,5228.1,no
40,blue-collar,married,basic.6y,,yes,yes,may,fri,13,5,999,1.1,93.994,-36.4,4.857,5191,no
30,admin.,married,high.school,no,yes,yes,may,mon,82,9,999,-1.8,92.893,-46.2,1.299,5099.1,no
30,blue-collar,married,basic.4y,no,no,no,may,thu,208,1,999,-1.8,92.893,-46.2,1.327,5099.1,no
56,management,married,university.degree,no,no,no,jun,wed,154,4,999,1.4,94.465,-41.8,4.962,5228.1,no
26,services,single,high.school,no,yes,no,jul,mon,509,1,999,1.4,93.918,-42.7,4.96,5228.1,no
38,technician,single,professional.course,no,,,jun,fri,59,3,999,1.4,94.465,-41.8,4.967,5228.1,no
34,services,married,basic.9y,no,no,no,nov,tue,218,2,4,-0.1,93.2,-42,4.153,5195.8,no
37,blue-collar,single,basic.9y,,yes,no,may,wed,591,1,999,1.1,93.994,-36.4,4.856,5191,yes
31,blue-collar,single,high.school,no,yes,no,jul,tue,162,3,999,1.4,93.918,-42.7,4.961,5228.1,no
49,blue-collar,married,basic.9y,,yes,no,nov,wed,52,1,999,-0.1,93.2,-42,4.12,5195.8,no
42,technician,married,professional.course,,yes,no,nov,mon,94,1,4,-0.1,93.2,-42,4.191,5195.8,no
31,blue-collar,married,basic.6y,no,yes,no,may,mon,212,2,999,1.1,93.994,-36.4,4.857,5191,no
26,services,single,high.school,no,no,no,may,fri,155,3,999,1.1,93.994,-36.4,4.855,5191,no
29,admin.,married,high.school,no,no,no,jun,tue,30,1,999,1.4,94.465,-41.8,4.864,5228.1,no
44,services,divorced,high.school,no,no,no,jul,mon,119,3,999,1.4,93.918,-42.7,4.962,5228.1,no
35,admin.,single,high.school,no,yes,yes,may,mon,19,1,999,1.1,93.994,-36.4,4.858,5191,no
31,technician,divorced,professional.course,no,,,jul,wed,254,1,999,1.4,93.918,-42.7,4.962,5228.1,no
31,admin.,married,high.school,no,yes,no,jul,tue,305,2,999,1.4,93.918,-42.7,4.962,5228.1,no
42,blue-collar,married,,,yes,yes,may,tue,264,1,999,1.1,93.994,-36.4,4.856,5191,no
52,services,married,university.degree,no,no,no,may,fri,132,11,999,1.1,93.994,-36.4,4.859,5191,no
25,blue-collar,single,basic.9y,,yes,no,jul,wed,111,1,999,1.4,93.918,-42.7,4.962,5228.1,no
45,technician,divorced,university.degree,,yes,no,may,fri,84,1,999,-1.8,92.893,-46.2,1.313,5099.1,no
56,retired,married,high.school,no,yes,no,may,mon,167,3,999,1.1,93.994,-36.4,4.857,5191,no
73,retired,married,basic.4y,,no,no,aug,wed,76,1,999,-2.9,92.201,-31.4,0.854,5076.2,no
21,student,single,university.degree,no,yes,no,nov,fri,180,3,3,-3.4,92.649,-30.1,0.714,5017.5,no
58,technician,divorced,professional.course,,yes,no,aug,tue,109,3,999,1.4,93.444,-36.1,4.963,5228.1,no
31,blue-collar,married,basic.6y,,yes,no,may,wed,290,2,999,-1.8,92.893,-46.2,1.334,5099.1,no
46,,married,basic.4y,,yes,no,jun,mon,25,1,999,1.4,94.465,-41.8,4.96,5228.1,no
32,admin.,married,high.school,no,yes,no,may,mon,155,2,999,-1.8,92.893,-46.2,1.299,5099.1,no
42,blue-collar,married,basic.9y,,no,no,may,tue,199,1,999,1.1,93.994,-36.4,4.857,5191,no
37,blue-collar,married,basic.6y,no,no,no,may,tue,75,7,999,-1.8,92.893,-46.2,1.344,5099.1,no
59,technician,married,basic.9y,no,no,no,may,fri,135,9,999,1.1,93.994,-36.4,4.864,5191,no
54,blue-collar,married,high.school,,yes,yes,may,tue,197,1,999,-1.8,92.893,-46.2,1.344,5099.1,no
50,self-employed,married,university.degree,no,yes,no,jun,tue,157,1,999,1.4,94.465,-41.8,4.864,5228.1,no
43,admin.,married,university.degree,no,no,no,jun,thu,175,4,999,1.4,94.465,-41.8,4.866,5228.1,no
55,technician,married,professional.course,no,yes,no,nov,fri,98,1,999,-0.1,93.2,-42,4.021,5195.8,no
27,blue-collar,married,basic.9y,no,no,no,may,mon,653,1,999,-1.8,92.893,-46.2,1.299,5099.1,yes
50,entrepreneur,married,university.degree,no,no,no,jul,tue,1226,2,999,1.4,93.918,-42.7,4.961,5228.1,no
39,blue-collar,single,basic.4y,no,yes,yes,aug,fri,9,1,999,-1.7,94.027,-38.3,0.898,4991.6,no
53,blue-collar,divorced,basic.4y,no,no,no,jul,tue,64,1,999,1.4,93.918,-42.7,4.961,5228.1,no
33,services,married,basic.6y,no,yes,yes,may,tue,95,4,999,-1.8,92.893,-46.2,1.291,5099.1,no
47,entrepreneur,single,university.degree,,yes,no,jun,mon,42,1,999,1.4,94.465,-41.8,4.865,5228.1,no
40,unemployed,married,professional.course,no,yes,no,sep,fri,155,3,999,-3.4,92.379,-29.8,0.773,5017.5,no
47,management,married,university.degree,no,yes,no,may,tue,469,2,999,-1.8,92.893,-46.2,1.344,5099.1,no
44,services,divorced,high.school,no,no,no,may,thu,71,5,999,1.1,93.994,-36.4,4.86,5191,no
41,,single,,,yes,yes,jun,wed,66,2,999,1.4,94.465,-41.8,4.864,5228.1,no
27,admin.,single,university.degree,no,yes,no,jun,fri,266,2,999,-1.7,94.055,-39.8,0.748,4991.6,yes
34,admin.,married,high.school,no,yes,yes,may,tue,259,1,999,-1.8,92.893,-46.2,1.344,5099.1,yes
45,technician,married,high.school,no,yes,yes,aug,fri,243,1,999,1.4,93.444,-36.1,4.966,5228.1,no
72,retired,married,basic.4y,no,no,no,sep,fri,230,1,3,-3.4,92.379,-29.8,0.803,5017.5,yes
37,blue-collar,married,basic.9y,no,yes,no,apr,thu,218,1,999,-1.8,93.075,-47.1,1.41,5099.1,no
35,technician,married,high.school,no,no,no,aug,tue,121,3,999,1.4,93.444,-36.1,4.968,5228.1,no
47,admin.,single,university.degree,no,yes,no,aug,tue,161,1,999,-2.9,92.201,-31.4,0.859,5076.2,yes
35,blue-collar,married,basic.6y,no,yes,no,nov,tue,372,2,999,-0.1,93.2,-42,4.153,5195.8,no
46,admin.,married,university.degree,,yes,no,jul,tue,112,2,999,1.4,93.918,-42.7,4.961,5228.1,no
27,blue-collar,divorced,,no,no,no,jul,thu,536,5,999,1.4,93.918,-42.7,4.958,5228.1,no
41,blue-collar,married,basic.9y,no,no,no,apr,fri,367,3,999,-1.8,93.075,-47.1,1.405,5099.1,yes
42,technician,married,university.degree,no,yes,no,may,mon,78,2,999,-1.8,92.893,-46.2,1.244,5099.1,no
40,admin.,single,high.school,no,no,no,may,tue,17,6,999,-1.8,92.893,-46.2,1.344,5099.1,no
33,services,divorced,high.school,no,no,no,may,wed,201,1,999,1.1,93.994,-36.4,4.857,5191,no
46,entrepreneur,married,high.school,no,yes,no,aug,tue,435,5,999,1.4,93.444,-36.1,4.965,5228.1,no
45,blue-collar,married,basic.4y,,yes,no,apr,thu,479,1,999,-1.8,93.075,-47.1,1.41,5099.1,no
37,services,married,high.school,no,yes,yes,apr,mon,345,2,999,-1.8,93.075,-47.1,1.405,5099.1,no
32,entrepreneur,married,high.school,no,yes,no,nov,wed,60,2,999,-0.1,93.2,-42,4.12,5195.8,no
38,blue-collar,single,university.degree,no,no,no,jul,wed,176,1,999,1.4,93.918,-42.7,4.962,5228.1,no
43,blue-collar,married,basic.9y,no,no,yes,jun,tue,75,1,999,1.4,94.465,-41.8,4.864,5228.1,no
37,technician,married,university.degree,no,yes,no,aug,wed,138,3,999,1.4,93.444,-36.1,4.964,5228.1,no
33,admin.,single,university.degree,no,no,no,aug,wed,316,4,999,1.4,93.444,-36.1,4.964,5228.1,no
34,technician,married,professional.course,no,no,no,apr,mon,1156,3,999,-1.8,93.075,-47.1,1.405,5099.1,no
41,self-employed,married,basic.9y,,no,no,jul,fri,788,6,999,1.4,93.918,-42.7,4.957,5228.1,no
26,blue-collar,married,basic.9y,no,no,no,may,fri,136,3,999,-1.8,92.893,-46.2,1.25,5099.1,no
50,technician,married,professional.course,no,no,yes,jun,mon,352,1,999,1.4,94.465,-41.8,4.961,5228.1,no
46,admin.,married,university.degree,no,,,dec,fri,696,10,999,-3,92.713,-33,0.718,5023.5,yes
39,blue-collar,married,basic.6y,no,yes,no,jul,fri,25,1,14,-1.7,94.215,-40.3,0.79,4991.6,no
52,technician,divorced,university.degree,no,no,yes,aug,tue,86,1,999,1.4,93.444,-36.1,4.968,5228.1,no
53,admin.,married,high.school,no,no,no,jun,tue,177,26,999,1.4,94.465,-41.8,4.864,5228.1,no
26,services,single,basic.9y,,yes,no,may,tue,165,2,999,-1.8,92.893,-46.2,1.291,5099.1,no
28,entrepreneur,single,high.school,no,yes,no,jun,mon,419,2,999,1.4,94.465,-41.8,4.961,5228.1,no
34,entrepreneur,married,basic.9y,,yes,no,aug,wed,156,10,999,1.4,93.444,-36.1,4.964,5228.1,no
34,admin.,married,professional.course,no,yes,yes,may,mon,326,1,999,-1.8,92.893,-46.2,1.244,5099.1,no
31,admin.,single,university.degree,no,yes,no,aug,thu,87,6,999,1.4,93.444,-36.1,4.962,5228.1,no
23,student,single,high.school,no,no,no,apr,mon,400,2,999,-1.8,93.075,-47.1,1.405,5099.1,no
47,blue-collar,married,basic.4y,,no,no,may,mon,95,8,999,1.1,93.994,-36.4,4.857,5191,no
30,blue-collar,married,basic.9y,no,yes,no,jun,fri,12,14,999,1.4,94.465,-41.8,4.959,5228.1,no
63,retired,married,high.school,no,yes,no,oct,wed,323,1,999,-3.4,92.431,-26.9,0.74,5017.5,no
37,services,married,high.school,no,no,no,may,wed,317,1,999,-1.8,92.893,-46.2,1.334,5099.1,no
58,admin.,divorced,university.degree,,no,yes,aug,mon,75,2,999,1.4,93.444,-36.1,4.965,5228.1,no
37,admin.,single,university.degree,no,no,no,aug,thu,72,2,999,1.4,93.444,-36.1,4.962,5228.1,no
40,services,married,basic.4y,,no,no,may,fri,139,1,999,-1.8,92.893,-46.2,1.313,5099.1,no
31,technician,divorced,professional.course,no,yes,no,aug,thu,310,2,999,-2.9,92.201,-31.4,0.883,5076.2,yes
37,self-employed,divorced,university.degree,no,no,no,may,wed,143,3,999,-1.8,92.893,-46.2,1.334,5099.1,no
48,blue-collar,married,basic.9y,no,,,jul,tue,112,4,999,1.4,93.918,-42.7,4.961,5228.1,no
39,technician,single,university.degree,no,no,no,jul,wed,31,1,999,1.4,93.918,-42.7,4.963,5228.1,no
38,admin.,divorced,basic.6y,,yes,no,apr,thu,926,1,999,-1.8,93.075,-47.1,1.483,5099.1,no
31,self-employed,married,university.degree,no,yes,no,nov,mon,69,1,999,-0.1,93.2,-42,4.191,5195.8,no
34,admin.,single,high.school,no,yes,no,may,thu,168,5,999,1.1,93.994,-36.4,4.86,5191,no
38,blue-collar,married,high.school,no,no,no,apr,mon,340,1,999,-1.8,93.075,-47.1,1.405,5099.1,no
27,blue-collar,single,basic.4y,,no,yes,may,wed,179,2,999,1.1,93.994,-36.4,4.857,5191,no
54,admin.,married,university.degree,no,yes,no,aug,tue,243,3,999,1.4,93.444,-36.1,4.966,5228.1,no
33,admin.,married,high.school,no,no,no,may,wed,143,1,999,1.1,93.994,-36.4,4.858,5191,no
35,admin.,married,professional.course,no,yes,no,jul,wed,194,1,999,1.4,93.918,-42.7,4.963,5228.1,no
35,technician,single,professional.course,no,,,jun,fri,14,21,999,1.4,94.465,-41.8,4.959,5228.1,no
44,blue-collar,married,professional.course,no,,,may,fri,189,2,999,1.1,93.994,-36.4,4.857,5191,no
34,technician,divorced,professional.course,no,no,no,mar,fri,257,1,999,-1.8,93.369,-34.8,0.653,5008.7,yes
29,technician,single,basic.9y,no,yes,no,jul,wed,603,1,999,-1.7,94.215,-40.3,0.84,4991.6,yes
35,blue-collar,married,basic.4y,,no,no,may,fri,118,6,999,1.1,93.994,-36.4,4.864,5191,no
47,services,married,high.school,no,no,no,may,mon,109,2,999,-1.8,92.893,-46.2,1.244,5099.1,no
39,blue-collar,married,basic.6y,no,no,no,jun,thu,31,5,999,1.4,94.465,-41.8,4.866,5228.1,no
40,technician,married,basic.9y,no,yes,no,may,thu,74,1,999,1.1,93.994,-36.4,4.86,5191,no
36,blue-collar,married,basic.9y,,no,no,may,wed,229,2,999,1.1,93.994,-36.4,4.859,5191,no
60,management,married,university.degree,,no,no,may,fri,409,3,999,1.1,93.994,-36.4,4.855,5191,no
33,admin.,single,high.school,,yes,no,may,thu,175,1,999,-1.8,92.893,-46.2,1.266,5099.1,no
31,admin.,single,university.degree,no,yes,yes,nov,thu,90,2,999,-0.1,93.2,-42,4.076,5195.8,no
30,admin.,single,university.degree,no,yes,no,nov,mon,711,1,999,-0.1,93.2,-42,4.191,5195.8,no
33,technician,single,basic.9y,no,yes,yes,aug,mon,289,1,999,-2.9,92.201,-31.4,0.884,5076.2,yes
32,services,married,high.school,,no,yes,may,tue,535,2,999,1.1,93.994,-36.4,4.857,5191,no
44,technician,single,,,no,no,may,wed,267,2,999,1.1,93.994,-36.4,4.859,5191,no
28,blue-collar,single,university.degree,no,no,no,may,tue,585,1,999,-1.8,92.893,-46.2,1.344,5099.1,no
39,services,married,,,yes,yes,jul,wed,1201,6,999,1.4,93.918,-42.7,4.963,5228.1,yes
38,housemaid,married,high.school,,no,no,may,thu,384,4,999,1.1,93.994,-36.4,4.86,5191,no
33,services,married,high.school,no,no,no,jul,tue,272,1,999,1.4,93.918,-42.7,4.962,5228.1,no
35,services,married,high.school,no,yes,no,jul,tue,110,3,999,1.4,93.918,-42.7,4.961,5228.1,no
43,admin.,married,high.school,no,no,no,jul,mon,74,2,999,1.4,93.918,-42.7,4.962,5228.1,no
30,admin.,single,university.degree,no,yes,no,aug,fri,353,10,999,1.4,93.444,-36.1,4.964,5228.1,no
31,technician,single,professional.course,no,yes,no,aug,fri,122,4,999,1.4,93.444,-36.1,4.964,5228.1,no
56,technician,married,basic.9y,no,yes,no,may,wed,52,2,999,1.1,93.994,-36.4,4.857,5191,no
35,unemployed,married,university.degree,no,yes,yes,jun,fri,272,1,999,1.4,94.465,-41.8,4.967,5228.1,no
44,admin.,married,university.degree,no,no,no,aug,tue,312,1,999,1.4,93.444,-36.1,4.965,5228.1,no
48,technician,married,university.degree,no,no,no,aug,thu,52,6,999,1.4,93.444,-36.1,4.962,5228.1,no
27,technician,single,university.degree,no,yes,no,dec,tue,109,1,999,-3,92.713,-33,0.707,5023.5,no
29,unemployed,single,high.school,no,no,no,jun,tue,189,1,999,-2.9,92.963,-40.8,1.262,5076.2,no
33,services,single,basic.6y,no,yes,no,jun,mon,177,2,999,1.4,94.465,-41.8,4.865,5228.1,no
48,admin.,divorced,university.degree,no,no,no,aug,thu,544,1,999,-1.7,94.027,-38.3,0.904,4991.6,yes
44,blue-collar,married,professional.course,,no,no,jul,tue,156,20,999,1.4,93.918,-42.7,4.961,5228.1,no
32,blue-collar,married,basic.6y,,yes,no,may,tue,105,1,999,-1.8,92.893,-46.2,1.344,5099.1,no
32,admin.,single,university.degree,no,yes,no,may,fri,18,8,999,-1.8,92.893,-46.2,1.25,5099.1,no
36,technician,single,university.degree,no,yes,no,jun,mon,287,1,999,-2.9,92.963,-40.8,1.266,5076.2,yes
49,management,married,university.degree,no,yes,no,apr,thu,240,1,999,-1.8,93.075,-47.1,1.365,5099.1,yes
30,admin.,single,university.degree,no,yes,no,aug,mon,857,2,999,1.4,93.444,-36.1,4.97,5228.1,no
41,technician,married,basic.9y,no,yes,no,jun,fri,307,1,999,1.4,94.465,-41.8,4.967,5228.1,no
53,housemaid,married,,no,yes,no,nov,thu,65,2,999,-0.1,93.2,-42,4.076,5195.8,no
59,retired,married,,no,yes,no,may,thu,96,2,999,1.1,93.994,-36.4,4.855,5191,no
57,management,divorced,university.degree,no,no,no,may,mon,222,2,999,1.1,93.994,-36.4,4.857,5191,no
36,services,single,,no,yes,yes,jun,wed,116,7,999,1.4,94.465,-41.8,4.959,5228.1,no
51,housemaid,married,basic.9y,no,no,no,jul,tue,209,3,999,1.4,93.918,-42.7,4.961,5228.1,no
30,admin.,married,university.degree,no,no,no,jul,fri,128,2,999,1.4,93.918,-42.7,4.963,5228.1,no
54,technician,married,,no,yes,no,nov,thu,222,1,999,-1.1,94.767,-50.8,1.041,4963.6,no
42,admin.,divorced,university.degree,no,yes,no,may,mon,130,1,999,1.1,93.994,-36.4,4.857,5191,no
47,retired,single,basic.6y,,yes,no,jul,mon,145,2,999,1.4,93.918,-42.7,4.962,5228.1,no
52,,married,professional.course,,yes,no,jun,tue,50,2,999,-2.9,92.963,-40.8,1.262,5076.2,no
43,blue-collar,married,basic.9y,,no,no,may,fri,217,1,999,1.1,93.994,-36.4,4.859,5191,no
57,services,married,high.school,,yes,yes,jun,thu,61,1,999,1.4,94.465,-41.8,4.961,5228.1,no
19,student,single,,no,no,no,nov,mon,132,2,3,-3.4,92.649,-30.1,0.714,5017.5,no
36,management,married,university.degree,no,no,no,mar,thu,148,1,999,-1.8,93.369,-34.8,0.654,5008.7,yes
58,blue-collar,married,basic.4y,no,yes,no,may,tue,318,2,999,1.1,93.994,-36.4,4.856,5191,no
31,blue-collar,single,high.school,no,,,may,thu,230,4,999,1.1,93.994,-36.4,4.86,5191,no
22,admin.,single,high.school,no,yes,no,jul,fri,64,2,999,1.4,93.918,-42.7,4.957,5228.1,no
55,admin.,married,high.school,no,yes,no,jun,mon,177,5,999,-2.9,92.963,-40.8,1.215,5076.2,no
52,entrepreneur,married,university.degree,no,yes,no,jul,mon,97,3,999,1.4,93.918,-42.7,4.96,5228.1,no
51,management,married,university.degree,no,no,no,may,wed,194,1,999,1.1,93.994,-36.4,4.856,5191,no
43,services,single,high.school,,no,yes,nov,fri,53,1,999,-0.1,93.2,-42,4.021,5195.8,no
30,services,single,high.school,no,no,no,nov,fri,648,1,999,-0.1,93.2,-42,4.021,5195.8,yes
47,blue-collar,single,basic.9y,no,yes,no,may,thu,54,1,999,1.1,93.994,-36.4,4.86,5191,no
37,blue-collar,married,basic.9y,no,no,no,aug,tue,373,2,999,-2.9,92.201,-31.4,0.883,5076.2,no
30,technician,married,high.school,no,yes,no,aug,mon,862,9,999,1.4,93.444,-36.1,4.965,5228.1,no
53,technician,divorced,professional.course,no,no,yes,aug,thu,74,8,999,1.4,93.444,-36.1,4.962,5228.1,no
37,services,married,high.school,no,no,no,jun,tue,393,3,999,1.4,94.465,-41.8,4.864,5228.1,no
45,blue-collar,divorced,basic.4y,no,no,no,may,tue,78,2,999,1.1,93.994,-36.4,4.857,5191,no
51,blue-collar,married,basic.9y,,yes,no,may,fri,31,1,999,-1.8,92.893,-46.2,1.25,5099.1,no
28,blue-collar,single,basic.4y,,no,no,jul,wed,186,1,999,1.4,93.918,-42.7,4.963,5228.1,no
43,technician,single,professional.course,no,yes,no,may,mon,138,8,999,1.1,93.994,-36.4,4.858,5191,no
36,management,married,university.degree,no,no,no,nov,mon,264,2,999,-0.1,93.2,-42,4.191,5195.8,no
35,admin.,single,high.school,no,,,may,fri,579,2,10,-1.8,92.893,-46.2,1.313,5099.1,yes
35,technician,married,professional.course,no,yes,no,aug,mon,207,3,999,1.4,93.444,-36.1,4.963,5228.1,no
33,technician,divorced,high.school,no,yes,yes,aug,tue,194,1,999,1.4,93.444,-36.1,4.963,5228.1,no
41,blue-collar,married,basic.4y,no,yes,no,jul,tue,281,3,999,1.4,93.918,-42.7,4.955,5228.1,no
41,technician,married,professional.course,no,yes,no,aug,tue,1344,1,999,1.4,93.444,-36.1,4.966,5228.1,yes
45,admin.,married,university.degree,no,no,yes,nov,wed,158,1,999,-3.4,92.649,-30.1,0.715,5017.5,no
36,admin.,divorced,university.degree,no,no,no,may,thu,241,2,999,1.1,93.994,-36.4,4.86,5191,no
46,technician,divorced,professional.course,no,yes,no,may,mon,431,1,999,-1.8,92.893,-46.2,1.244,5099.1,yes
40,technician,married,professional.course,no,yes,no,may,mon,94,1,999,-1.8,92.893,-46.2,1.299,5099.1,no
45,blue-collar,married,basic.9y,no,yes,no,jul,tue,80,1,999,1.4,93.918,-42.7,4.955,5228.1,no
33,technician,single,high.school,no,yes,no,jul,thu,209,1,999,1.4,93.918,-42.7,4.962,5228.1,no
35,blue-collar,married,high.school,no,yes,no,jul,tue,7,1,999,-1.7,94.215,-40.3,0.876,4991.6,no
36,blue-collar,married,basic.9y,,no,yes,jun,mon,280,2,999,1.4,94.465,-41.8,4.865,5228.1,no
45,blue-collar,married,basic.6y,no,yes,no,jun,mon,134,8,999,1.4,94.465,-41.8,4.865,5228.1,no
56,entrepreneur,married,university.degree,,no,yes,jul,tue,41,1,999,1.4,93.918,-42.7,4.961,5228.1,no
34,blue-collar,single,basic.9y,,yes,no,jul,thu,562,1,999,1.4,93.918,-42.7,4.963,5228.1,no
37,self-employed,single,basic.4y,no,,,jul,mon,277,2,999,1.4,93.918,-42.7,4.96,5228.1,no
48,technician,married,professional.course,no,yes,no,aug,thu,107,2,999,1.4,93.444,-36.1,4.968,5228.1,no
59,blue-collar,married,basic.4y,no,yes,no,may,tue,424,2,999,1.1,93.994,-36.4,4.857,5191,no
52,services,married,high.school,,yes,no,mar,thu,177,2,11,-1.8,93.369,-34.8,0.654,5008.7,yes
42,admin.,divorced,university.degree,no,no,no,may,mon,95,1,999,1.1,93.994,-36.4,4.858,5191,no
47,self-employed,married,professional.course,no,yes,no,jun,mon,338,2,999,1.4,94.465,-41.8,4.865,5228.1,no
34,unemployed,married,basic.9y,,yes,no,apr,fri,153,3,999,-1.8,93.075,-47.1,1.405,5099.1,no
31,technician,single,high.school,,no,no,aug,wed,104,5,999,1.4,93.444,-36.1,4.965,5228.1,no
28,blue-collar,single,basic.6y,,yes,no,jul,wed,400,1,999,1.4,93.918,-42.7,4.957,5228.1,no
58,self-employed,married,university.degree,no,no,no,jun,tue,380,4,999,1.4,94.465,-41.8,4.864,5228.1,no
52,retired,married,basic.4y,no,no,no,jul,mon,445,1,999,1.4,93.918,-42.7,4.96,5228.1,no
50,admin.,married,university.degree,no,no,no,jun,mon,269,1,3,-2.9,92.963,-40.8,1.215,5076.2,yes
27,services,married,basic.9y,no,yes,yes,may,mon,304,1,999,-1.8,92.893,-46.2,1.299,5099.1,no
36,self-employed,married,university.degree,no,no,yes,jun,mon,284,1,999,-2.9,92.963,-40.8,1.266,5076.2,yes
30,blue-collar,single,basic.4y,,,,may,fri,140,1,999,1.1,93.994,-36.4,4.859,5191,no
55,housemaid,married,basic.4y,no,yes,no,apr,mon,1435,1,999,-1.8,93.075,-47.1,1.466,5099.1,yes
36,management,married,professional.course,no,no,no,nov,tue,68,1,999,-0.1,93.2,-42,4.153,5195.8,no
59,retired,married,basic.4y,no,no,no,apr,tue,353,4,999,-1.8,93.075,-47.1,1.453,5099.1,no
37,housemaid,divorced,basic.9y,,yes,no,may,mon,226,2,999,-1.8,92.893,-46.2,1.299,5099.1,no
47,blue-collar,married,basic.9y,no,no,no,aug,mon,80,2,999,1.4,93.444,-36.1,4.965,5228.1,no
83,retired,divorced,basic.4y,no,yes,no,sep,thu,405,3,999,-1.1,94.199,-37.5,0.879,4963.6,no
39,technician,married,professional.course,no,yes,no,jun,mon,452,1,999,1.4,94.465,-41.8,4.961,5228.1,no
32,admin.,married,university.degree,no,yes,no,aug,mon,130,1,999,1.4,93.444,-36.1,4.963,5228.1,no
37,technician,single,professional.course,no,no,no,jun,thu,635,3,999,1.4,94.465,-41.8,4.961,5228.1,no
74,retired,divorced,basic.4y,no,no,no,jun,thu,369,1,999,-1.7,94.055,-39.8,0.742,4991.6,no
58,management,married,university.degree,no,yes,no,nov,wed,581,2,999,-0.1,93.2,-42,4.12,5195.8,no
42,self-employed,married,professional.course,,no,no,may,fri,160,1,999,-1.8,92.893,-46.2,1.25,5099.1,no
52,admin.,married,professional.course,no,yes,yes,jul,tue,139,2,6,-1.7,94.215,-40.3,0.893,4991.6,no
56,technician,single,professional.course,no,yes,no,nov,tue,635,5,999,-0.1,93.2,-42,4.153,5195.8,no
60,retired,married,basic.4y,no,no,no,aug,mon,143,2,15,-1.7,94.027,-38.3,0.896,4991.6,no
35,admin.,single,university.degree,no,yes,no,may,tue,614,1,999,-1.8,92.893,-46.2,1.344,5099.1,no
37,blue-collar,single,basic.9y,no,no,no,may,wed,211,2,999,1.1,93.994,-36.4,4.857,5191,no
39,services,single,high.school,no,yes,no,aug,fri,308,6,999,-1.7,94.027,-38.3,0.898,4991.6,yes
53,blue-collar,married,basic.9y,no,yes,no,aug,fri,58,1,999,1.4,93.444,-36.1,4.964,5228.1,no
37,technician,married,professional.course,no,yes,no,may,tue,216,2,999,1.1,93.994,-36.4,4.856,5191,no
57,blue-collar,married,basic.9y,,no,no,jul,tue,659,3,999,1.4,93.918,-42.7,4.961,5228.1,no
36,services,divorced,university.degree,no,no,no,jul,mon,407,1,999,1.4,93.918,-42.7,4.96,5228.1,no
36,admin.,single,university.degree,no,yes,no,aug,fri,106,1,999,1.4,93.444,-36.1,4.963,5228.1,no
55,blue-collar,married,professional.course,,yes,yes,jun,mon,354,1,999,1.4,94.465,-41.8,4.865,5228.1,no
35,blue-collar,married,basic.9y,,yes,no,nov,thu,198,2,999,-0.1,93.2,-42,4.076,5195.8,no
29,technician,single,professional.course,no,yes,no,nov,fri,38,2,999,-0.1,93.2,-42,4.021,5195.8,no
34,technician,divorced,professional.course,no,yes,no,aug,fri,644,8,999,1.4,93.444,-36.1,4.964,5228.1,no
60,retired,divorced,professional.course,no,yes,no,apr,thu,968,1,5,-1.8,93.075,-47.1,1.365,5099.1,yes
50,technician,married,professional.course,no,,,nov,tue,319,2,999,-0.1,93.2,-42,4.153,5195.8,no
59,housemaid,married,basic.4y,,no,no,aug,tue,77,6,999,1.4,93.444,-36.1,4.965,5228.1,no
60,retired,married,professional.course,no,yes,no,jun,thu,190,2,999,1.4,94.465,-41.8,4.866,5228.1,no
52,management,divorced,university.degree,no,no,no,jul,mon,200,4,999,1.4,93.918,-42.7,4.96,5228.1,no
34,admin.,married,professional.course,no,yes,no,may,tue,248,2,999,1.1,93.994,-36.4,4.856,5191,no
38,blue-collar,single,basic.4y,no,no,no,may,mon,118,6,999,1.1,93.994,-36.4,4.857,5191,no
57,retired,married,professional.course,no,yes,no,nov,thu,124,6,999,-1.1,94.767,-50.8,1.031,4963.6,no
25,student,single,high.school,no,yes,no,nov,mon,61,3,999,-3.4,92.649,-30.1,0.714,5017.5,no
32,blue-collar,married,basic.6y,no,yes,no,may,fri,165,3,999,1.1,93.994,-36.4,4.857,5191,no
46,self-employed,married,basic.9y,,no,no,may,mon,529,3,999,1.1,93.994,-36.4,4.858,5191,no
32,technician,single,university.degree,no,no,yes,may,fri,137,2,999,-1.8,92.893,-46.2,1.25,5099.1,no
48,blue-collar,married,professional.course,no,no,no,jul,thu,22,25,999,1.4,93.918,-42.7,4.968,5228.1,no
30,management,single,university.degree,no,yes,no,jul,mon,96,1,999,1.4,93.918,-42.7,4.96,5228.1,no
27,admin.,single,university.degree,no,no,yes,jun,tue,154,1,999,-2.9,92.963,-40.8,1.262,5076.2,no
43,blue-collar,married,basic.4y,,no,no,may,thu,263,2,999,1.1,93.994,-36.4,4.855,5191,no
49,blue-collar,married,basic.9y,no,yes,no,may,wed,102,1,999,1.1,93.994,-36.4,4.857,5191,no
23,management,single,university.degree,no,yes,yes,jul,thu,804,2,999,1.4,93.918,-42.7,4.958,5228.1,no
30,technician,married,university.degree,no,no,no,aug,thu,66,2,999,1.4,93.444,-36.1,4.962,5228.1,no
53,services,married,basic.6y,no,yes,no,may,thu,157,4,999,-1.8,92.893,-46.2,1.266,5099.1,no
52,blue-collar,married,basic.4y,,no,no,may,mon,528,3,999,-1.8,92.893,-46.2,1.354,5099.1,no
60,,married,university.degree,no,yes,no,jun,mon,112,1,999,1.4,94.465,-41.8,4.961,5228.1,no
38,technician,single,professional.course,no,yes,no,may,wed,50,2,999,-1.8,92.893,-46.2,1.281,5099.1,no
43,blue-collar,single,basic.6y,no,yes,no,jul,wed,199,2,999,1.4,93.918,-42.7,4.957,5228.1,no
31,admin.,single,high.school,no,no,no,jul,wed,96,2,999,1.4,93.918,-42.7,4.962,5228.1,no
48,admin.,single,high.school,no,yes,no,aug,mon,48,5,999,1.4,93.444,-36.1,4.963,5228.1,no
59,retired,single,university.degree,no,no,no,may,mon,36,4,999,1.1,93.994,-36.4,4.857,5191,no
58,admin.,married,university.degree,no,yes,no,aug,thu,60,1,999,1.4,93.444,-36.1,4.964,5228.1,no
46,admin.,married,university.degree,no,yes,no,jun,fri,193,7,999,1.4,94.465,-41.8,4.967,5228.1,no
45,blue-collar,married,basic.6y,,yes,no,may,thu,277,2,999,1.1,93.994,-36.4,4.86,5191,no
32,entrepreneur,married,basic.9y,,yes,no,jul,tue,258,1,999,1.4,93.918,-42.7,4.962,5228.1,no
35,admin.,divorced,high.school,no,no,yes,jun,mon,15,15,999,1.4,94.465,-41.8,4.96,5228.1,no
30,admin.,single,high.school,no,no,no,aug,fri,72,1,999,1.4,93.444,-36.1,4.964,5228.1,no
34,admin.,married,high.school,no,yes,yes,may,fri,20,1,999,1.1,93.994,-36.4,4.855,5191,no
29,admin.,,university.degree,no,no,no,may,fri,264,2,999,-1.8,92.893,-46.2,1.259,5099.1,no
48,admin.,single,university.degree,no,yes,no,jun,fri,14,3,999,1.4,94.465,-41.8,4.959,5228.1,no
38,technician,married,professional.course,no,yes,no,aug,fri,119,3,999,1.4,93.444,-36.1,4.963,5228.1,no
38,management,married,university.degree,no,no,no,sep,wed,149,2,999,-1.1,94.199,-37.5,0.88,4963.6,no
72,admin.,married,university.degree,no,yes,no,jun,mon,134,1,999,-2.9,92.963,-40.8,1.266,5076.2,no
46,admin.,married,university.degree,no,no,no,aug,thu,87,5,999,1.4,93.444,-36.1,4.964,5228.1,no
54,blue-collar,married,basic.9y,,yes,no,aug,mon,143,2,999,1.4,93.444,-36.1,4.963,5228.1,no
33,admin.,divorced,university.degree,no,no,no,aug,wed,259,2,999,1.4,93.444,-36.1,4.964,5228.1,no
34,blue-collar,married,basic.4y,no,no,no,nov,tue,120,2,999,-0.1,93.2,-42,4.153,5195.8,no
53,retired,divorced,basic.4y,,no,yes,jul,tue,159,3,999,1.4,93.918,-42.7,4.961,5228.1,no
44,blue-collar,married,basic.4y,no,no,no,jul,tue,345,5,999,1.4,93.918,-42.7,4.961,5228.1,no
38,self-employed,divorced,high.school,no,no,no,aug,fri,391,3,999,-2.9,92.201,-31.4,0.869,5076.2,yes
59,admin.,married,university.degree,no,no,no,oct,tue,85,1,999,-0.1,93.798,-40.4,4.968,5195.8,yes
42,self-employed,married,university.degree,no,no,yes,aug,fri,327,3,999,1.4,93.444,-36.1,4.966,5228.1,no
48,technician,married,university.degree,no,no,no,aug,fri,607,2,999,1.4,93.444,-36.1,4.964,5228.1,no
46,technician,divorced,professional.course,no,no,no,jul,tue,114,4,999,1.4,93.918,-42.7,4.961,5228.1,no
39,services,married,high.school,no,no,no,may,wed,178,1,999,1.1,93.994,-36.4,4.858,5191,no
29,admin.,single,high.school,no,yes,yes,aug,mon,63,4,999,1.4,93.444,-36.1,4.965,5228.1,no
32,management,married,university.degree,no,no,no,jun,fri,80,4,999,1.4,94.465,-41.8,4.947,5228.1,no
85,retired,divorced,basic.4y,,yes,no,dec,mon,321,3,6,-3,92.713,-33,0.715,5023.5,yes
46,housemaid,single,university.degree,,no,yes,jul,tue,142,3,999,1.4,93.918,-42.7,4.961,5228.1,no
43,technician,single,university.degree,no,yes,no,may,thu,1120,2,999,1.1,93.994,-36.4,4.855,5191,yes
35,admin.,single,high.school,no,yes,no,may,mon,355,2,999,1.1,93.994,-36.4,4.857,5191,no
35,student,single,university.degree,,yes,no,jun,mon,178,4,999,1.4,94.465,-41.8,4.96,5228.1,no
38,admin.,divorced,university.degree,no,no,no,jun,fri,50,3,999,1.4,94.465,-41.8,4.959,5228.1,no
52,blue-collar,married,basic.4y,,no,no,aug,fri,69,2,999,1.4,93.444,-36.1,4.964,5228.1,no
42,services,married,high.school,no,no,no,jun,mon,217,4,999,1.4,94.465,-41.8,4.865,5228.1,no
25,self-employed,single,university.degree,no,no,no,may,mon,105,1,999,1.1,93.994,-36.4,4.858,5191,no
33,blue-collar,married,basic.9y,,no,yes,may,thu,113,3,999,-1.8,92.893,-46.2,1.266,5099.1,no
34,technician,married,professional.course,,no,no,jul,thu,46,2,999,1.4,93.918,-42.7,4.968,5228.1,no
38,blue-collar,married,basic.4y,,yes,no,apr,thu,258,1,999,-1.8,93.075,-47.1,1.41,5099.1,no
33,blue-collar,single,basic.9y,no,yes,yes,may,fri,58,2,999,1.1,93.994,-36.4,4.864,5191,no
31,blue-collar,married,basic.9y,no,no,no,may,wed,81,4,999,1.1,93.994,-36.4,4.857,5191,no
28,services,married,,no,no,no,jun,mon,220,1,999,1.4,94.465,-41.8,4.96,5228.1,no
59,blue-collar,married,basic.4y,no,yes,no,may,wed,162,1,999,1.1,93.994,-36.4,4.859,5191,no
43,admin.,married,university.degree,no,yes,no,jun,wed,262,2,3,-2.9,92.963,-40.8,1.26,5076.2,yes
25,admin.,single,basic.9y,no,yes,no,jul,thu,83,4,999,1.4,93.918,-42.7,4.968,5228.1,no
39,technician,single,high.school,no,no,no,may,fri,12,5,999,-1.8,92.893,-46.2,1.25,5099.1,no
45,blue-collar,married,basic.4y,no,yes,no,may,wed,204,1,999,1.1,93.994,-36.4,4.858,5191,no
30,technician,married,basic.9y,no,yes,no,may,fri,41,1,999,-1.8,92.893,-46.2,1.25,5099.1,no
33,admin.,single,university.degree,no,yes,yes,jun,mon,304,2,999,1.4,94.465,-41.8,4.865,5228.1,no
29,admin.,single,university.degree,no,yes,no,jun,mon,154,1,999,-2.9,92.963,-40.8,1.266,5076.2,no
32,admin.,single,university.degree,,no,no,may,tue,215,1,999,1.1,93.994,-36.4,4.857,5191,no
43,admin.,married,high.school,no,yes,no,jul,tue,197,1,999,1.4,93.918,-42.7,4.961,5228.1,no
33,housemaid,married,high.school,no,yes,no,aug,mon,101,3,999,1.4,93.444,-36.1,4.965,5228.1,no
30,housemaid,married,high.school,,no,no,may,thu,159,1,999,1.1,93.994,-36.4,4.855,5191,no
47,technician,married,professional.course,no,yes,no,jul,thu,153,18,999,1.4,93.918,-42.7,4.968,5228.1,no
59,technician,married,basic.6y,,no,no,may,thu,24,16,999,1.1,93.994,-36.4,4.86,5191,no
48,technician,married,professional.course,,no,no,jun,mon,105,3,999,1.4,94.465,-41.8,4.865,5228.1,no
29,admin.,single,high.school,no,yes,yes,apr,thu,123,3,9,-1.8,93.075,-47.1,1.41,5099.1,no
53,self-employed,married,basic.4y,no,no,no,nov,tue,505,2,999,-0.1,93.2,-42,4.153,5195.8,no
38,management,married,basic.6y,,yes,no,jun,mon,166,3,999,1.4,94.465,-41.8,4.961,5228.1,no
33,technician,married,professional.course,no,yes,no,aug,tue,276,1,999,1.4,93.444,-36.1,4.963,5228.1,no
26,admin.,married,university.degree,no,yes,no,mar,mon,154,1,999,-1.8,92.843,-50,1.811,5099.1,yes
32,blue-collar,married,high.school,no,no,no,jun,wed,220,1,999,1.4,94.465,-41.8,4.962,5228.1,no
43,admin.,divorced,basic.9y,no,no,no,may,mon,73,3,999,1.1,93.994,-36.4,4.857,5191,no
27,management,single,high.school,no,,,jun,wed,155,2,999,1.4,94.465,-41.8,4.962,5228.1,no
29,self-employed,single,high.school,no,yes,yes,nov,thu,337,3,999,-0.1,93.2,-42,4.076,5195.8,no
59,retired,divorced,,no,no,no,jul,wed,413,2,999,1.4,93.918,-42.7,4.963,5228.1,no
36,services,single,high.school,no,no,no,jul,wed,399,17,999,1.4,93.918,-42.7,4.962,5228.1,no
39,services,married,professional.course,no,yes,yes,nov,mon,148,2,999,-0.1,93.2,-42,4.191,5195.8,no
28,student,single,university.degree,,yes,no,may,mon,208,1,999,1.1,93.994,-36.4,4.857,5191,no
54,blue-collar,married,,,yes,no,apr,fri,113,2,999,-1.8,93.075,-47.1,1.405,5099.1,no
51,blue-collar,married,basic.9y,,no,no,may,fri,304,2,999,1.1,93.994,-36.4,4.857,5191,no
40,housemaid,divorced,high.school,no,no,no,may,fri,188,1,999,1.1,93.994,-36.4,4.855,5191,no
45,blue-collar,married,basic.9y,no,no,yes,apr,fri,175,3,999,-1.8,93.075,-47.1,1.405,5099.1,no
59,services,married,high.school,no,yes,no,jul,thu,70,5,999,1.4,93.918,-42.7,4.968,5228.1,no
39,services,married,high.school,no,no,no,may,fri,110,6,999,1.1,93.994,-36.4,4.864,5191,no
22,self-employed,single,university.degree,no,yes,yes,jun,fri,126,6,999,-2.9,92.963,-40.8,1.268,5076.2,yes
31,admin.,single,university.degree,,yes,no,aug,thu,67,1,999,1.4,93.444,-36.1,4.968,5228.1,no
33,admin.,divorced,high.school,no,no,no,aug,tue,271,3,999,1.4,93.444,-36.1,4.963,5228.1,no
36,management,married,basic.6y,no,yes,yes,aug,thu,354,3,999,-2.9,92.201,-31.4,0.873,5076.2,yes
72,retired,divorced,university.degree,no,no,no,aug,tue,270,1,999,-2.9,92.201,-31.4,0.884,5076.2,no
48,admin.,married,university.degree,no,yes,no,nov,thu,111,2,999,-0.1,93.2,-42,4.076,5195.8,no
47,management,married,high.school,no,no,yes,apr,fri,245,1,999,-1.8,93.075,-47.1,1.405,5099.1,no
38,housemaid,married,high.school,no,yes,no,jul,wed,335,5,999,1.4,93.918,-42.7,4.963,5228.1,no
32,admin.,single,high.school,no,no,yes,nov,thu,329,1,999,-0.1,93.2,-42,4.076,5195.8,no
35,admin.,single,university.degree,no,yes,yes,may,fri,218,1,999,1.1,93.994,-36.4,4.857,5191,no
36,management,married,university.degree,no,no,no,nov,thu,192,2,6,-0.1,93.2,-42,4.076,5195.8,no
26,admin.,single,university.degree,no,yes,no,may,thu,400,2,999,-1.8,92.893,-46.2,1.266,5099.1,no
33,admin.,married,university.degree,no,no,no,may,fri,724,1,999,1.1,93.994,-36.4,4.864,5191,no
46,blue-collar,married,basic.6y,no,no,yes,nov,tue,97,2,999,-0.1,93.2,-42,4.153,5195.8,no
33,admin.,single,university.degree,no,yes,no,aug,thu,289,1,999,1.4,93.444,-36.1,4.962,5228.1,no
42,technician,divorced,professional.course,no,yes,yes,aug,tue,158,1,999,1.4,93.444,-36.1,4.966,5228.1,no
34,blue-collar,married,basic.9y,no,no,no,may,tue,169,1,999,-1.8,92.893,-46.2,1.344,5099.1,no
57,blue-collar,divorced,basic.9y,no,yes,no,may,wed,543,2,999,1.1,93.994,-36.4,4.857,5191,yes
47,management,married,basic.9y,no,no,no,nov,mon,97,1,999,-0.1,93.2,-42,4.191,5195.8,no
57,admin.,married,professional.course,no,yes,no,jul,tue,60,4,999,1.4,93.918,-42.7,4.961,5228.1,no
37,admin.,single,university.degree,no,yes,no,aug,mon,108,2,999,1.4,93.444,-36.1,4.965,5228.1,no
36,technician,married,professional.course,no,yes,no,jul,wed,182,3,999,-2.9,92.469,-33.6,1.029,5076.2,no
47,management,married,university.degree,no,yes,yes,may,fri,80,1,999,1.1,93.994,-36.4,4.857,5191,no
40,admin.,divorced,high.school,no,yes,no,sep,fri,101,1,999,-3.4,92.379,-29.8,0.803,5017.5,no
33,admin.,single,university.degree,no,,,aug,mon,295,2,999,1.4,93.444,-36.1,4.965,5228.1,no
29,services,single,high.school,no,no,no,may,thu,689,2,999,1.1,93.994,-36.4,4.86,5191,no
39,services,married,high.school,,yes,no,may,tue,24,1,999,1.1,93.994,-36.4,4.856,5191,no
20,student,single,high.school,no,no,no,apr,mon,1472,1,999,-1.8,93.749,-34.6,0.645,5008.7,yes
28,blue-collar,single,basic.9y,no,no,no,may,thu,111,1,999,-1.8,92.893,-46.2,1.266,5099.1,no
32,blue-collar,married,basic.4y,,yes,no,may,thu,94,1,999,-1.8,92.893,-46.2,1.266,5099.1,no
27,services,single,university.degree,no,yes,no,jun,mon,41,2,999,-2.9,92.963,-40.8,1.26,5076.2,no
32,admin.,married,high.school,no,no,no,mar,thu,115,2,999,-1.8,92.843,-50,1.757,5099.1,no
34,admin.,single,university.degree,no,yes,no,aug,mon,432,1,999,1.4,93.444,-36.1,4.97,5228.1,no
42,admin.,married,high.school,no,no,yes,jun,mon,218,2,999,1.4,94.465,-41.8,4.865,5228.1,no
39,admin.,married,high.school,no,yes,no,jul,fri,214,1,999,1.4,93.918,-42.7,4.962,5228.1,no
32,admin.,single,university.degree,no,yes,no,sep,mon,290,4,999,-1.1,94.199,-37.5,0.879,4963.6,no
34,admin.,single,university.degree,no,no,yes,may,mon,14,5,999,-1.8,92.893,-46.2,1.299,5099.1,no
55,management,married,university.degree,no,yes,no,nov,wed,99,1,999,-3.4,92.649,-30.1,0.716,5017.5,no
38,blue-collar,single,university.degree,,yes,no,jun,wed,59,2,999,1.4,94.465,-41.8,4.962,5228.1,no
38,management,divorced,university.degree,no,no,no,aug,fri,247,1,999,1.4,93.444,-36.1,4.963,5228.1,no
33,services,single,basic.9y,no,no,no,may,mon,372,14,999,1.1,93.994,-36.4,4.857,5191,no
31,blue-collar,married,basic.9y,no,yes,no,may,tue,180,3,999,-1.8,92.893,-46.2,1.344,5099.1,no
37,admin.,married,university.degree,no,no,no,may,tue,1376,2,999,1.1,93.994,-36.4,4.856,5191,no
39,blue-collar,married,basic.4y,,no,no,jul,mon,222,1,999,1.4,93.918,-42.7,4.96,5228.1,no
45,admin.,married,,no,no,no,jun,fri,438,2,999,-2.9,92.963,-40.8,1.268,5076.2,yes
31,blue-collar,married,basic.9y,no,no,no,nov,thu,277,1,999,-0.1,93.2,-42,4.076,5195.8,no
46,admin.,divorced,university.degree,no,no,no,nov,fri,11,7,999,-0.1,93.2,-42,4.021,5195.8,no
40,entrepreneur,divorced,university.degree,no,no,no,nov,mon,325,2,999,-0.1,93.2,-42,4.191,5195.8,no
44,services,married,basic.4y,,yes,no,may,mon,160,4,999,1.1,93.994,-36.4,4.857,5191,no
37,blue-collar,single,professional.course,no,yes,no,aug,wed,100,1,999,-2.9,92.201,-31.4,0.879,5076.2,no
42,management,single,university.degree,no,no,no,oct,mon,134,1,6,-3.4,92.431,-26.9,0.743,5017.5,no
31,blue-collar,married,basic.9y,,yes,no,apr,tue,208,1,999,-1.8,93.075,-47.1,1.453,5099.1,no
38,entrepreneur,divorced,basic.9y,no,yes,yes,nov,wed,70,1,999,-0.1,93.2,-42,4.12,5195.8,no
39,blue-collar,married,basic.4y,,no,yes,may,wed,162,1,999,-1.8,92.893,-46.2,1.334,5099.1,no
43,admin.,married,university.degree,no,no,no,jul,tue,136,1,999,1.4,93.918,-42.7,4.962,5228.1,no
51,technician,married,professional.course,no,yes,no,nov,thu,123,1,999,-0.1,93.2,-42,4.076,5195.8,no
32,management,single,university.degree,no,,,may,thu,315,1,999,1.1,93.994,-36.4,4.86,5191,no
36,admin.,single,university.degree,no,yes,no,aug,wed,1408,3,999,1.4,93.444,-36.1,4.964,5228.1,yes
30,services,married,high.school,no,yes,yes,may,mon,296,1,999,-1.8,92.893,-46.2,1.299,5099.1,no
36,admin.,single,university.degree,,yes,no,apr,mon,198,1,999,-1.8,93.075,-47.1,1.405,5099.1,no
40,technician,divorced,professional.course,no,yes,no,aug,tue,109,8,999,1.4,93.444,-36.1,4.965,5228.1,no
